"438","438"
"831","831"
"+62 647-787-775","775"
"+172 027-507-632","632"
"+72 001-050-856","856"
"401","401"
"238","238"
"+174 594-539-946","946"
"+155 927-275-860","860"
"+167 405-461-331","331"
"+10 538-347-401","401"
"103","103"
"+13 258-276-941","941"
"+2 604-746-137","137"
"180","180"
"+151 862-946-541","541"
"+118 165-041-038","038"
"+144 170-592-272","272"
"+94 462-008-482","482"
"086","086"
"+82 675-366-472","472"
"096","096"
"+163 039-436-166","166"
"074","074"
"738","738"
"726","726"
"369","369"
"343","343"
"512","512"
"+104 158-671-355","355"
"526","526"
"+50 268-571-336","336"
"024","024"
"491","491"
"535","535"
"+64 061-601-398","398"
"877","877"
"844","844"
"+94 856-734-046","046"
"261","261"
"+185 394-622-272","272"
"+163 905-707-740","740"
"807","807"
"+42 634-077-089","089"
"+18 051-287-382","382"
"520","520"
"+43 249-097-743","743"
"891","891"
"+45 124-771-454","454"
"+180 029-457-654","654"
"+75 227-250-652","652"
"+5 528-317-854","854"
"290","290"
"176","176"
"+108 150-380-705","705"
"247","247"
"027","027"
"504","504"
"+95 620-820-945","945"
"+43 592-938-846","846"
"+7 023-296-647","647"
"+20 541-401-396","396"
"934","934"
"476","476"
"779","779"
"+14 673-759-017","017"
"+161 086-020-168","168"
"+65 970-575-488","488"
"377","377"
"376","376"
"125","125"
"+195 488-831-768","768"
"+86 468-718-108","108"
"+194 278-716-950","950"
"847","847"
"+140 794-289-551","551"
"834","834"
"323","323"
"231","231"
"+143 726-462-368","368"
"968","968"
"+130 590-757-665","665"
"+197 700-858-976","976"
"946","946"
"234","234"
"754","754"
"+130 517-953-149","149"
"+158 684-878-743","743"
"+52 836-582-035","035"
"671","671"
"873","873"
"+105 048-919-483","483"
"+18 209-851-997","997"
"+176 938-056-084","084"
"973","973"
"+199 936-162-415","415"
"+33 547-051-264","264"
"513","513"
"+115 101-728-328","328"
"+45 095-746-635","635"
